[
  {
    "line": 1,
    "elements": [
      {
        "start_timestamp": "2021-01-31T00:16:05.985Z",
        "before": [
          {
            "result": {
              "duration": 1643231000,
              "status": "passed"
            },
            "match": {
              "location": "step_definitions.Hooks.openBrowser()"
            }
          }
        ],
        "line": 2,
        "name": "Open seleniumframework website",
        "description": "",
        "id": "seleniumframework.com-features;open-seleniumframework-website",
        "after": [
          {
            "result": {
              "duration": 147633000,
              "status": "passed"
            },
            "match": {
              "location": "step_definitions.Hooks.embedScreenshot(io.cucumber.java.Scenario)"
            }
          }
        ],
        "type": "scenario",
        "keyword": "Scenario",
        "steps": [
          {
            "result": {
              "duration": 8402865000,
              "status": "passed"
            },
            "line": 3,
            "name": "I open seleniumframework website",
            "match": {
              "location": "step_definitions.BrowserCommands.i_open_seleniumframework_website()"
            },
            "keyword": "Given "
          },
          {
            "result": {
              "duration": 4348715000,
              "status": "passed"
            },
            "line": 4,
            "name": "I navigate to ABOUT link",
            "match": {
              "location": "step_definitions.BrowserCommands.i_navigate_to_ABOUT_link()"
            },
            "keyword": "And "
          },
          {
            "result": {
              "duration": 4742000,
              "status": "passed"
            },
            "line": 5,
            "name": "I print the html",
            "match": {
              "location": "step_definitions.BrowserCommands.i_print_the_html()"
            },
            "keyword": "Then "
          }
        ]
      },
      {
        "start_timestamp": "2021-01-31T00:16:20.582Z",
        "before": [
          {
            "result": {
              "duration": 1052947000,
              "status": "passed"
            },
            "match": {
              "location": "step_definitions.Hooks.openBrowser()"
            }
          }
        ],
        "line": 6,
        "name": "Browser commands",
        "description": "",
        "id": "seleniumframework.com-features;browser-commands",
        "after": [
          {
            "result": {
              "duration": 142351000,
              "status": "passed"
            },
            "match": {
              "location": "step_definitions.Hooks.embedScreenshot(io.cucumber.java.Scenario)"
            }
          }
        ],
        "type": "scenario",
        "keyword": "Scenario",
        "steps": [
          {
            "result": {
              "duration": 4811225000,
              "status": "passed"
            },
            "line": 7,
            "name": "I open seleniumframework website",
            "match": {
              "location": "step_definitions.BrowserCommands.i_open_seleniumframework_website()"
            },
            "keyword": "Given "
          },
          {
            "result": {
              "duration": 16791862000,
              "status": "passed"
            },
            "line": 8,
            "name": "I perform selenium browser commands",
            "match": {
              "location": "step_definitions.BrowserCommands.i_perform_selenium_browser_commands()"
            },
            "keyword": "Then "
          }
        ]
      }
    ],
    "name": "seleniumframework.com features",
    "description": "",
    "id": "seleniumframework.com-features",
    "keyword": "Feature",
    "uri": "classpath:features/BrowserCommands.feature",
    "tags": []
  },
  {
    "line": 1,
    "elements": [
      {
        "start_timestamp": "2021-01-31T00:16:43.388Z",
        "before": [
          {
            "result": {
              "duration": 1147717000,
              "status": "passed"
            },
            "match": {
              "location": "step_definitions.Hooks.openBrowser()"
            }
          }
        ],
        "line": 5,
        "name": "Adding a and b",
        "description": "",
        "id": "addition;adding-a-and-b",
        "after": [
          {
            "result": {
              "duration": 80985000,
              "status": "passed"
            },
            "match": {
              "location": "step_definitions.Hooks.embedScreenshot(io.cucumber.java.Scenario)"
            }
          }
        ],
        "type": "scenario",
        "keyword": "Scenario",
        "steps": [
          {
            "result": {
              "duration": 174000,
              "status": "passed"
            },
            "line": 6,
            "name": "I have variable a",
            "match": {
              "location": "step_definitions.Addition.i_have_variable_a()"
            },
            "keyword": "Given "
          },
          {
            "result": {
              "duration": 227000,
              "status": "passed"
            },
            "line": 7,
            "name": "I have variable b",
            "match": {
              "location": "step_definitions.Addition.i_have_variable_b()"
            },
            "keyword": "And "
          },
          {
            "result": {
              "duration": 340000,
              "status": "passed"
            },
            "line": 8,
            "name": "I add a and b",
            "match": {
              "location": "step_definitions.Addition.i_add_a_and_b()"
            },
            "keyword": "When "
          },
          {
            "result": {
              "duration": 406000,
              "status": "passed"
            },
            "line": 9,
            "name": "I display the sum",
            "match": {
              "location": "step_definitions.Addition.i_display_the_sum()"
            },
            "keyword": "Then "
          }
        ]
      }
    ],
    "name": "Addition",
    "description": "  As a math idiot\n  In order to not feel silly\n  I add two numbers",
    "id": "addition",
    "keyword": "Feature",
    "uri": "classpath:features/addition.feature",
    "tags": []
  }
]